memory,Time,omid,zmid2,zmid1,t_bar,o,z2,z1,g,b
weight is ,0.3
0.0,0.6482,0.0005112769498808757,3.1312987872422856e-05,0.017991056729075843,4.832960575263082e-08,2.9485050663598078e-08,2.536100214874109e-13,0.00558348400939715,0.9999999980793788,0.9999999994043113
0.01,0.6432,0.0005115149078477189,3.134553106308976e-05,0.017992360950229568,4.887237615845381e-08,3.3562134699436685e-08,2.6469779601696886e-22,0.005582536195413958,1.0,1.0
0.02,0.6382,0.0005116262335624469,3.1298738656829215e-05,0.01799091199210686,3.0063563707449213e-09,1.243136315788322e-09,1.3223167100604918e-20,0.005583574449245484,0.9999999999990129,0.9999999999976971
0.03,0.6332,0.0005299903553446397,3.3876151648447494e-05,0.01829763616690584,4.322386798068735e-08,2.100230746703518e-08,1.2551909042955052e-14,0.0054089867490014374,0.9999999999999606,0.9999999999999739
0.04,0.6285,0.0005796301811418602,4.023168079841635e-05,0.01908538475248256,3.629098542471819e-13,7.406067458013331e-14,0.0,0.004959426279724182,0.9999999999983844,0.9999999999973894
0.05,0.6242,0.0006314290077120755,4.7667973640272054e-05,0.01984381778442464,8.497802779341526e-11,2.814490665621357e-11,5.068018229562896e-12,0.004520974025095611,0.9999999999999011,0.9999999999997654
0.06,0.6204,0.0006823879934302877,5.528612583197624e-05,0.020533818972932733,0.0,0.0,5.70007248536289e-18,0.004117396942121548,1.0,0.9999999999999991
0.07,0.6204,0.0006818919249851316,5.5428297787565947e-05,0.020534776081538447,6.30743926722926e-15,2.2241631317451763e-12,2.470849684218869e-15,0.004117272349821629,0.9999999999999976,0.9999999999999951
0.08,0.6204,0.0006819383226744513,5.5441179360911635e-05,0.020534616568242143,0.0,2.501750518040262e-12,0.0,0.004117293002575309,1.0,1.0
0.09,0.6204,0.0006818467759578823,5.550698320418446e-05,0.020534685954653083,2.8495605087745776e-14,2.2227252079583393e-14,0.0,0.004117283795040538,0.9999999999999934,0.9999999999999851
0.1,0.6204,0.0006819974197439499,5.538754847148785e-05,0.020534599947232113,3.1934167799583605e-19,4.645271123415558e-14,5.022570972472027e-21,0.0041172956057469266,1.0,0.9999999999999978
0.11,0.6204,0.0006807571055085848,5.4640106784232036e-05,0.020539977462276385,1.089481080620597e-12,2.8665086594666868e-12,0.0,0.004116594610270247,1.0,1.0
0.12,0.6204,0.0006818840323057995,5.543980694726656e-05,0.02053476632070701,0.0,0.0,6.710595280952657e-12,0.004117273511481377,0.9999999999987225,0.9999999999970071
0.13,0.6204,0.0006818915558973235,5.539836868873302e-05,0.020534856863804053,2.330473661533941e-16,6.18014431878473e-11,1.1344054306661738e-15,0.004117262376409916,0.9999999999999997,1.0
0.14,0.6204,0.0006820123697292724,5.543239331257911e-05,0.020534437540807568,0.0,0.0,2.5906627505038436e-12,0.0041173169965474975,0.9999999999999827,0.9999999999999684
0.15,0.6204,0.000680981529904517,5.510217809615929e-05,0.020538114400439584,5.2754328965070864e-12,3.573750750386615e-12,1.2230522241449584e-12,0.004116839588956223,0.9999999997688552,1.0
0.16,0.6204,0.0006824320054391928,5.53358703807884e-05,0.020533565710937438,2.9518173055611945e-12,5.703059739943484e-11,6.93568349993211e-13,0.00411742874003582,1.0,0.9999999999877012
0.17,0.6204,0.0006818843971580746,5.543762801205203e-05,0.020534771244324807,7.858661885771153e-13,7.887664741587252e-13,7.531146439465738e-15,0.0041172728969913,0.9999999999999998,1.0
0.18,0.6204,0.0006818846357547747,5.542960591747993e-05,0.02053479205700677,4.2225946023000356e-11,2.0861656281289313e-11,3.2565322707588897e-12,0.004117269925043787,0.9999999861572212,0.9999999999998619
0.19,0.6204,0.0006812469064713078,5.540410493951861e-05,0.020536585434593163,4.72146222773601e-12,4.2210063965729014e-12,0.0,0.004117037037080979,0.9999999889376933,0.9999999999999972
0.2,0.6204,0.0006914670719552937,5.1460977042888495e-05,0.020519688961545074,6.105460857532828e-11,6.918407672135097e-16,0.0,0.004119207763172444,0.9999999979459354,0.9999999999988394
0.21,0.6204,0.0006818802707202204,5.5450782528654884e-05,0.020534747748034692,0.0,0.0,0.0,0.004117275976419202,0.999999999999999,1.0
0.22,0.6204,0.0006818857100355812,5.545273055600666e-05,0.020534727382740942,5.697026433608024e-14,2.6706809283191797e-15,2.0439984169745053e-14,0.004117278376900746,0.9999999999916815,0.9999999999999843
0.23,0.6204,0.0006818638850976683,5.545087552136997e-05,0.020534791131332563,7.372326290540812e-13,7.406793777740046e-13,0.0,0.004117270234275053,0.9999999991294296,0.99999999796867
0.24,0.6204,0.0006740155911124987,5.474598631210189e-05,0.020557936019569453,2.414140387853402e-10,3.4586516267718594e-11,8.909899247217024e-11,0.004114249000194141,0.9999999999999931,0.9999999999999821
0.25,0.6204,0.0006818185557279262,5.5489730972783046e-05,0.020534809043744575,3.1275938852501146e-12,3.088932068119335e-12,1.105939364363557e-13,0.004117267575635801,0.9999999995387339,0.9999999999478385
0.26,0.6204,0.0006818796897522521,5.5485836273556184e-05,0.020534653691279655,0.0,0.0,4.239354219234063e-12,0.0041172881438182535,0.9999999999999215,0.9999999999999122
0.27,0.6204,0.0006786522605547561,5.4996219355985395e-05,0.020544772712097967,2.9169089233704873e-10,2.0416932868642955e-10,1.4576353083752529e-10,0.004115979486672323,0.999998828540059,0.9999995533232353
0.28,0.6204,0.0006815718852675416,5.5474201915810065e-05,0.020535513844377237,0.0,1.2279330612073346e-12,2.0854865294180108e-11,0.004117177395031996,1.0,0.9999999999998491
0.29,0.6204,0.0006819473356150333,5.549760365957379e-05,0.020534435045253367,0.0,4.5996683210943696e-12,3.6135701859799565e-14,0.004117318095111554,0.9999999999979717,0.9999999999963084
weight is ,0.375
0.0,0.7272,0.0006907957291196498,3.2542079904692415e-05,0.017267979886228545,8.891886833078537e-14,0.0,2.9169577742363964e-15,0.0057632912494771475,1.0,1.0
0.01,0.7222,0.0006906493331096357,3.2346671361130024e-05,0.017268647339345265,4.847980610600136e-11,5.995516068629006e-11,0.0,0.005763299248373628,1.0,1.0
0.02,0.7172,0.0006912551476206979,3.247024149839713e-05,0.017267297779932522,3.9195866275304115e-11,4.947554451465992e-11,0.0,0.0057632447355099765,1.0,1.0
0.03,0.7122,0.0007264321741726386,3.552484366891101e-05,0.017692006704905974,1.2256241479288776e-12,3.627276002977326e-11,2.7851824389447883e-12,0.0055126588838454,0.9999999952910708,0.999999999939378
0.04,0.7076,0.0007939207970591991,4.332385647148111e-05,0.01844286755171584,1.442472361895335e-10,2.674332442933528e-10,8.2474625113019e-13,0.0050619383057501355,0.9999999912360241,0.9999999853975907
0.05,0.7033,0.0008642829135781097,4.959587256421017e-05,0.019169384917203436,7.345828012949293e-17,1.126563602008903e-16,2.2582998189926837e-13,0.004622047754352778,0.9999999999999496,0.9999999999999941
0.06,0.6993,0.0009368517760413023,5.950321545263122e-05,0.019858946879623175,2.3753951383929913e-10,1.089750561302014e-14,2.4880740013255375e-15,0.0041947889707052155,0.9999999999826467,0.999999999999461
0.07,0.6974,0.0009762495704195524,6.470616634971466e-05,0.020211580488814763,6.843242448807647e-20,1.0020819446110381e-19,3.0263468784480056e-11,0.003973873088347817,0.9999999960329532,0.9999999958592801
0.08,0.6974,0.0009761758706919551,6.474454228933165e-05,0.020211672809871108,1.4372552092245156e-17,3.02877328639918e-18,1.1247311625668702e-17,0.003973862185469227,0.9999999999999705,0.999999999999992
0.09,0.6974,0.0009762533792200027,6.469054599793484e-05,0.020211612195499943,3.0945768013435926e-12,1.284576616616826e-12,2.7510183982459775e-14,0.003973868982941729,1.0,0.999999999999944
0.1,0.6974,0.0009756027163332683,6.507740341801824e-05,0.020212326138582298,0.0,4.77518309171732e-16,3.0599866348846034e-12,0.00397377598320865,0.9999999943804303,0.9999999906340565
0.11,0.6974,0.0009762263839750456,6.470495105832158e-05,0.020211646566987936,0.0,1.155091642122366e-14,6.048434027399046e-13,0.003973864368919588,0.9999999999978824,0.9999999999999934
0.12,0.6974,0.0009762521770512071,6.46867370566954e-05,0.02021162608156749,0.0,3.814490503735561e-12,6.4550667271097185e-12,0.003973867006254944,0.9999999999998679,0.9999999999974155
0.13,0.6974,0.0009767442850997928,6.487220136873295e-05,0.020209792165911632,0.0,1.6075382307314697e-13,0.0,0.003974106824750428,0.9999999936870135,0.9999999898075864
0.14,0.6974,0.0009762337098605757,6.470828504721632e-05,0.020211617738236026,1.7646386671282705e-12,6.32049079316133e-12,4.047682274506185e-15,0.003973868137052504,0.9999999999998997,0.9999999999999786
0.15,0.6974,0.0009762340665504532,6.471388192947108e-05,0.020211601766570726,0.0,0.0,0.0,0.003973870141802901,1.0,1.0
0.16,0.6974,0.0009762883751993781,6.471256973895454e-05,0.02021145642520379,0.0,0.0,4.573235437156498e-12,0.003973889825981702,0.9999999999994165,0.9999999999998842
0.17,0.6974,0.0009745557403624753,6.484924107283642e-05,0.02021577476396013,5.851570184749471e-16,1.097097427824123e-15,1.0061735180504087e-11,0.003973326624363905,0.9999999999098456,0.9999999999832342
0.18,0.6974,0.0009762502576167861,6.473345892079974e-05,0.020211503985789536,0.0,0.0,8.596125056721798e-15,0.003973883335914798,1.0,1.0
0.19,0.6974,0.0009762535085855231,6.474130893681378e-05,0.020211473533666393,3.6158925375829064e-12,1.6043223270734374e-12,1.0779293456398629e-15,0.003973887400596325,1.0,1.0
0.2,0.6974,0.0009762884259170532,6.458413470236911e-05,0.020211805505592803,1.4261195645712912e-11,4.307979353096495e-12,8.106907039975257e-12,0.00397384354870745,0.999999999851221,0.9999999997583809
0.21,0.6974,0.0009762369198105447,6.466558310794084e-05,0.020211724270043824,0.0,0.0,0.0,0.003973854360244249,1.0,0.999999999998152
0.22,0.6974,0.0009762154170815861,6.470715207941688e-05,0.020211668847485247,1.6405125624577553e-12,1.6488497424009315e-12,8.757267697991548e-15,0.003973861996690936,0.9999999999999993,0.9999999999999994
0.23,0.6974,0.0009763231478744136,6.471235609664063e-05,0.020211364538865243,0.0,0.0,6.6624059188418915e-15,0.0039739013295830425,0.99999999999984,0.999999999999814
0.24,0.6974,0.0009766457895483626,6.444663455048137e-05,0.020211189441459797,1.2801495619362428e-12,3.9344945379489926e-12,6.589933313361835e-14,0.003973931840370441,0.99999999940041,0.9999999999933361
0.25,0.6974,0.0009762372528526178,6.469285327742591e-05,0.020211648152782306,0.0,0.0,1.0128614716893736e-11,0.0039738657948417844,0.9999999651729717,0.9999999999998813
0.26,0.6974,0.0009761358027241631,6.466915981958339e-05,0.02021198704378705,0.0,0.0,0.0,0.003973820361569099,1.0,1.0
0.27,0.6974,0.0009760627484095693,6.463773883056786e-05,0.02021227176782451,4.440483777583411e-12,4.758936175666005e-12,2.719084083925942e-14,0.003973782712714428,0.999999997342143,0.9999999999990433
0.28,0.6974,0.0009762388101841417,6.47093382809083e-05,0.020211601020917368,0.0,0.0,2.2039747790451857e-12,0.003973870341242529,0.9999999999999724,0.999999999999976
0.29,0.6974,0.0009762401189805369,6.471041729467232e-05,0.020211592826425834,3.25168700896969e-12,3.376023457618528e-12,0.0,0.003973872069271216,0.9999999995448,0.999999999999997
weight is ,0.441
0.0,0.7928,0.0009355178510873951,4.212599635732359e-05,0.01786128971263712,3.679299364635867e-20,0.0,1.1249656330721176e-22,0.006420469073038159,0.9346867374681426,0.9891060451979576
0.01,0.7878,0.0009354536710493055,4.214341405198364e-05,0.017861848783915526,0.0,4.625224020934077e-12,0.0,0.006420628185034075,0.9346786770368137,0.9891022713597759
0.02,0.7828,0.000935422560490433,4.214379273469445e-05,0.01786091578421782,4.4176528156315534e-11,5.281548607230305e-11,0.0,0.006420417497918264,0.9346942495871586,0.989107641203966
0.03,0.7778,0.000971937378404947,4.6000563235595926e-05,0.01812039803297412,4.795496006352646e-13,8.793346076492157e-13,6.038780092779563e-13,0.006196459114996958,0.9359869989830601,0.9893617940487829
0.04,0.7731,0.0010512200534318872,5.3543002895631135e-05,0.018752071828286462,1.8971577731188392e-11,1.3212253222355077e-11,8.367905395795575e-12,0.005693008425692584,0.9385269817001572,0.9896674279097992
0.05,0.7688,0.0011339941198308325,6.111814772784228e-05,0.019333696297089517,0.0,7.605151169924915e-17,4.496409171617234e-12,0.005201503497827996,0.9412968661195186,0.9900198945629185
0.06,0.7647,0.0012218914327510198,7.080355455187356e-05,0.01991284141694022,0.0,0.0,1.6619261286569298e-11,0.004733225254056704,0.9432958814643219,0.9903333816158997
0.07,0.761,0.0013111182053500874,8.129308683975698e-05,0.020469500379001613,2.0493413726052114e-12,2.29893782290011e-12,5.611775503972297e-13,0.004279697411011547,0.9451895243717613,0.9905784821182115
0.08,0.7576,0.0014050948761600074,9.316731070753801e-05,0.02101038522719646,2.6042490352701503e-23,1.5077978382643492e-23,1.0207958046608797e-23,0.003844974453321857,0.946645149572506,0.9907833108747264
0.09,0.7569,0.0014259536443219953,9.491099370795706e-05,0.02098064978753617,2.8205027837963e-17,2.5934283000829655e-18,7.405285904689079e-18,0.0037132767753371935,0.9473219970991077,0.9944359771047724
0.1,0.7569,0.0014262732169182501,9.500739525741457e-05,0.020979938879130154,7.920841536657448e-13,6.293835184960501e-13,3.2388929503769046e-12,0.00371349675736368,0.9473160744452204,0.9944336731353663
0.11,0.7569,0.0014263890524035,9.521819533834491e-05,0.020981263996917195,2.6998914153932327e-12,9.174589834132483e-12,0.0,0.003713957568296902,0.9472813828685677,0.9944269566243067
0.12,0.7569,0.0014248062995320247,9.489513581564575e-05,0.020976177028865724,0.0,0.0,0.0,0.0037117175416824426,0.9474463742190563,0.9944516660521787
0.13,0.7569,0.0014263487011667985,9.512679830976309e-05,0.02098050848744002,2.0715342594920645e-12,1.586803105090847e-12,0.0,0.003713777272540447,0.9473028454097968,0.994423845955482
0.14,0.7569,0.0014255481952242454,9.463263228861766e-05,0.020983867977143522,0.0,0.0,0.0,0.003713163508830842,0.9472923329413879,0.9944452323387605
0.15,0.7569,0.001427563337403025,9.467934625621626e-05,0.020978811718482156,4.029532829662862e-12,3.981354591041955e-12,1.0184444925101364e-16,0.003714039366575783,0.947289488744082,0.994434535196905
0.16,0.7569,0.0014258669081242724,9.487285400062671e-05,0.020978320613225323,1.749701952857996e-13,1.35696097551395e-15,2.149084388095338e-16,0.0037128245729167457,0.9473646924689555,0.9944427407165995
0.17,0.7569,0.0014249812311039431,9.622044347094128e-05,0.020987419902547978,3.507220789402047e-14,3.85662685344603e-14,1.0215174093637012e-13,0.003714720635288883,0.9472143469760127,0.9943917403266119
0.18,0.7569,0.0014263587588592484,9.481374637009198e-05,0.02098041375242454,6.977980336446687e-15,1.1479250216029764e-14,6.614388816739563e-12,0.003713484973343968,0.947313100302251,0.9944333345492551
0.19,0.7569,0.0014266102688681578,9.4774223289514e-05,0.02097922213651741,4.425547225338013e-15,4.790701099516264e-13,4.9841133697076835e-14,0.0037134652253497345,0.9473227889391465,0.9944351630160156
0.2,0.7569,0.001428037455292067,9.565066892250844e-05,0.020957366084811597,0.0,0.0,1.6843742709828698e-20,0.0037118435322568482,0.947566667632761,0.9944842827279536
0.21,0.7569,0.0014261766811499875,9.494605178411693e-05,0.020980707319326993,2.351650563064466e-13,1.0191658705894122e-12,7.360572888601021e-14,0.0037134871155485322,0.9473101198224252,0.9944336540221198
0.22,0.7569,0.0014256730240457102,9.350641938999602e-05,0.020989680993044886,1.798181515093396e-14,8.662938853088942e-13,1.2110429662012427e-14,0.003713363480826148,0.9472513148648889,0.9944235924602679
0.23,0.7569,0.0014265467082380725,9.495657771613184e-05,0.02097849669777375,0.0,6.067976552970224e-14,4.540307506790332e-14,0.0037134748367729812,0.9473320694347309,0.9944315749743656
0.24,0.7569,0.0014261713817188084,9.519047148781726e-05,0.020980955157948983,3.909215390512824e-18,2.3516010587275514e-18,1.3606066431578371e-18,0.003713665138354028,0.9472908233149688,0.9944392324494535
0.25,0.7569,0.0014234931584020988,9.502246722684485e-05,0.02098277838045641,0.0,0.0,2.159576044565549e-13,0.0037118850318949956,0.947399758629962,0.9944309238517597
0.26,0.7569,0.0014264616377373791,9.487900546254465e-05,0.02097912614839539,7.652902615928594e-17,2.99758249946276e-17,3.5591236946682436e-16,0.003713429138781226,0.9473275323576063,0.9944336191130227
0.27,0.7569,0.001426444384720424,9.493226442888621e-05,0.020979960823045946,0.0,0.0,0.0,0.0037135789233238344,0.9473119814507293,0.9944322453257098
0.28,0.7569,0.001426329761167665,9.492705029400467e-05,0.02097994936541835,3.1103558160951383e-12,0.0,6.839032257276195e-13,0.003713482695013297,0.9473172497032174,0.9944333224751148
0.29,0.7569,0.0014259594481262116,9.490321558272236e-05,0.02098336922948389,4.9826694458431895e-12,5.030934075106279e-12,1.1805957886386953e-14,0.0037136821375317094,0.9472777125028268,0.9944304812474535
weight is ,0.5
0.0,0.8425,0.0013366098647836341,7.024108846233087e-05,0.020321076638491593,0.0,0.0,0.0,0.007893230423934316,0.8317915452944851,0.9686066418622756
0.01,0.8375,0.0013365210835427682,7.021155879105372e-05,0.020320985921695248,3.435793976615068e-12,4.082984095348555e-12,0.0,0.007893755617843473,0.8317840951463549,0.9686058272390683
0.02,0.8325,0.001336431309036801,7.01884807785031e-05,0.02032177772246084,0.0,3.008270462557606e-12,3.739309099056897e-14,0.007893121145145399,0.831791245462929,0.9686067773538483
0.03,0.8276,0.0014108705625887551,7.715447647116455e-05,0.020732502842913295,1.9548731357510738e-20,8.106105305223654e-21,4.1165801236559e-21,0.00748680856101924,0.8342168852160473,0.9689559791587168
0.04,0.823,0.0015103434734227525,8.915804261666871e-05,0.021307605602815125,5.793407508662273e-10,1.9207508522576625e-10,5.459122155061245e-11,0.006926906688009515,0.8375454861952056,0.9693223137016287
0.05,0.8188,0.0016221410474613431,0.00010173529260227222,0.021831540201230685,3.274368824186934e-11,1.660013863672695e-11,6.761614952946752e-20,0.006390275619136114,0.840605008877636,0.9697579209968673
0.06,0.8148,0.001731048218953473,0.0001153900185661463,0.02233611569782623,5.234582967744407e-12,4.695629731494584e-12,0.0,0.00586798587487765,0.8436491472556873,0.9701191460916222
0.07,0.8111,0.0018434803033201682,0.00013033366456894358,0.022832477293492782,1.2688417160926977e-12,3.102910816060937e-13,7.623191223146461e-12,0.005366872313076678,0.8462510355988516,0.9704158223924387
0.08,0.8078,0.0019583922947397064,0.00014569060435869554,0.0232999903717379,1.738145321830124e-13,6.470209609468136e-14,2.909784821178756e-13,0.004881952646987267,0.8487730441089347,0.9706778692168426
0.09,0.8047,0.0020769568637701214,0.00016565070431892058,0.023754290447511896,8.425305068604766e-11,9.373171554759352e-11,9.97613478024434e-13,0.004418961159365354,0.850765321820046,0.9709555759222753
0.1,0.8019,0.002198078975690118,0.0001835005017193431,0.02417767241258524,1.4484133718977797e-12,7.38130493213975e-14,4.415624613225943e-13,0.003969456601327044,0.8528071929409716,0.971209457964807
0.11,0.8017,0.0022447440362054196,0.00018710411477149076,0.024099467706458464,3.696065352638648e-14,1.4679560981904302e-15,2.1333169873100053e-17,0.003904184427362209,0.8483416597699865,0.9801418390973267
0.12,0.8017,0.002245823600371095,0.00018727814095692715,0.024093097232214512,0.0,1.4809514668871755e-13,0.0,0.0039042146243317556,0.8483726123522227,0.980158612563244
0.13,0.8017,0.0022455760819409735,0.0001873302539362692,0.024093021133551773,1.1248514644081943e-16,0.0,0.0,0.003904110873115516,0.8483825148075819,0.980155014358595
0.14,0.8017,0.00224661720405376,0.00018743748706140224,0.024092671593744418,5.322801544789049e-11,3.838830097225603e-12,1.9087236016873053e-17,0.00390512661291417,0.8483612161318567,0.9801208672017159
0.15,0.8017,0.002245883434841383,0.0001872191154679679,0.024092717933416188,1.4395097521078985e-21,2.020950929830458e-22,2.072191124834414e-21,0.003904190003194487,0.8483783469124632,0.9801571175357976
0.16,0.8017,0.0022457348445632966,0.0001872633972498138,0.02409361656079158,1.982973226222192e-18,0.0,1.3836557685587685e-19,0.0039041868240005943,0.8483688189524424,0.9801600272805541
0.17,0.8017,0.0022471190784553053,0.00018681939909522596,0.02409302201679778,3.739854425853811e-17,3.148900584291784e-17,2.1333157053855962e-14,0.0039048075780597864,0.848345255118635,0.9801533392906233
0.18,0.8017,0.00224582890193666,0.0001872661200411709,0.02409302590970891,7.956396363896706e-13,1.694816781040128e-12,4.39414779650142e-16,0.0039042028759728002,0.8483738080569317,0.9801586174080906
0.19,0.8017,0.002245196826894918,0.00018730840553755787,0.02409284748305904,0.0,0.0,0.0,0.0039037227973317255,0.8483936924922039,0.9801673157770686
0.2,0.8017,0.002244612930338375,0.00018706066189126872,0.024086884416930965,4.008518464534014e-12,3.7528259511818734e-12,0.0,0.0039027085791676916,0.8485110421219416,0.9801519526363484
0.21,0.8017,0.00224545495769204,0.00018697511864922757,0.024089863727777813,3.166209780344115e-12,2.9725000175304053e-12,1.0954138697210488e-15,0.0039034194119380093,0.8484388506241181,0.9801618699107759
0.22,0.8017,0.0022457233331918606,0.00018733945888086328,0.0240928254547169,0.0,0.0,0.0,0.003904149318160832,0.8483770053208334,0.9801600068924544
0.23,0.8017,0.0022463602131182242,0.0001874093566988472,0.024091094686533907,1.799186415386468e-12,1.384984649032225e-13,1.4353844453108475e-16,0.0039044134857359894,0.8483727397197731,0.9801628852125402
0.24,0.8017,0.0022455483685236695,0.00018735333920204196,0.024093519164174078,0.0,4.2301414101264786e-13,0.0,0.0039041207889932194,0.8483740472135604,0.9801592157200226
0.25,0.8017,0.002245094719322316,0.0001871367672512049,0.024095780904180387,2.1646183152529423e-12,2.0663864549351486e-12,0.0,0.0039033379759675427,0.8483375706551272,0.980224416328394
0.26,0.8017,0.0022457140699108586,0.00018719026669047122,0.024094219002453694,6.431473995270325e-13,4.2219497955055617e-16,2.45523910417735e-13,0.003904324794553449,0.8483717087695913,0.9801442559209382
0.27,0.8017,0.0022458454759634217,0.00018719096969767578,0.024092729707411813,0.0,3.8416720697947336e-13,0.0,0.0039042320435297103,0.8483851686425281,0.9801475340074737
0.28,0.8017,0.0022458484118039745,0.00018735346175268735,0.02409195967528766,2.656921558903512e-13,2.6313106270927007e-12,0.0,0.003904148596928143,0.8483831923814483,0.9801605214903036
0.29,0.8017,0.0022453498106930173,0.00018725379189109316,0.024098820619396857,2.1701088322446972e-11,3.837620378609398e-12,0.0,0.003904632303615822,0.8483236099141358,0.9801396424490498
weight is ,0.621
0.0,0.914,0.0024603062508238775,0.00016656758390977563,0.023584944420993938,2.520066445897042e-07,1.5988518590230544e-07,1.3762957301028913e-21,0.011149516368091798,0.6588882979818421,0.9243297865091353
0.01,0.909,0.0024604812498452444,0.00016683852199765188,0.02358493982004805,1.9521975583921796e-07,1.207007970868234e-07,0.0,0.011151875211305869,0.6588622338181713,0.9243132572946967
0.02,0.9041,0.00255353507964736,0.00017843324239728904,0.02384745138266631,5.3043928572244804e-08,4.844396314223178e-08,2.0906502286058384e-10,0.010741070118796424,0.6612802158470394,0.9246652039716633
0.03,0.8995,0.00271148630921187,0.00019998784644259683,0.024260285849308925,4.4681063964767956e-11,2.4165340486641916e-11,1.4251316445088794e-12,0.010045932441604056,0.6656097827544256,0.9251178634901397
0.04,0.8952,0.002877504945045407,0.00022278839099785009,0.02466154054581373,0.0,2.8242535658437063e-13,0.0,0.009385871914527739,0.6692665523629889,0.9258920184141757
0.05,0.8912,0.0030388658366782492,0.00024858232733882614,0.025026155037943563,8.311080552538955e-12,3.286525304921209e-12,1.5157259793093517e-13,0.008744006922927738,0.6730276951663893,0.9264923798122681
0.06,0.8875,0.0032019661708970132,0.00027320710702500006,0.02536751761656372,6.177623961974918e-15,3.5815616385769567e-16,9.564977337608941e-17,0.008123919336871031,0.6766656456657864,0.9270392364942929
0.07,0.8841,0.0033656058531545967,0.00029950518759518465,0.025683064795737856,0.0,3.2023953678583594e-21,3.382588701136885e-20,0.007526136931931623,0.6801363618773638,0.9276090281160615
0.08,0.8809,0.003529718351584489,0.00032702897760234905,0.025984253002946538,1.1688265057074742e-09,8.724641813627348e-19,3.225171809399559e-20,0.0069502401564184016,0.6833824619732132,0.9281598496995173
0.09,0.8781,0.0036953307441064498,0.00035521543802744324,0.02625818924899794,0.0,0.0,0.0,0.006394507306147696,0.6865285913584988,0.9286609006201728
0.1,0.8755,0.0038600237371133705,0.00038855689561959295,0.026516806501487376,0.0,2.814292631256393e-23,0.0,0.005860998756501998,0.6893842532376894,0.9292092773133899
0.11,0.8731,0.0040272860251710655,0.00042053819449091884,0.026753526623987754,3.929324302506193e-14,3.771836609898813e-15,3.1976403612666467e-15,0.00534596573764813,0.6921447391349311,0.9296859358787409
0.12,0.871,0.004197373309956842,0.00045489532356080014,0.026976617530607077,5.794143638635286e-20,6.072242225201161e-21,1.1659725419886945e-20,0.004852340704412465,0.694610734138603,0.9301725670144795
0.13,0.8692,0.00436864452806786,0.000491177215377394,0.027180332357887894,3.6289212079400494e-13,2.5878272148295222e-15,0.0,0.004377719511332662,0.6968917078596267,0.9306665843588339
0.14,0.8675,0.004542538514186172,0.0005297276862261629,0.02736873429879069,1.2388732590078746e-19,2.734473960410221e-21,1.2216121625525982e-20,0.003922818340137649,0.6989394110494563,0.9311159624312373
0.15,0.8669,0.004760280621541957,0.0005605885581900432,0.02720120380634127,3.4583397930975468e-18,2.9201620709e-21,0.0,0.0037026394723224335,0.6944923762863551,0.9431842414739237
0.16,0.8669,0.004761345789729296,0.000560235634238913,0.0272009919636013,1.8160313493170437e-21,5.362142064852756e-23,3.863896487908603e-22,0.0037029890345886838,0.6944781799637788,0.9431840198104949
0.17,0.8669,0.004761484556825717,0.0005603357601882642,0.027199714306379786,0.0,1.8636308644649618e-16,8.607200699450981e-12,0.0037028008432001204,0.6944794608971206,0.9432002026923202
0.18,0.8669,0.00476107514507655,0.0005597216935677453,0.027199952107596147,0.0,0.0,3.941903024588007e-23,0.003702537466044117,0.6945036785962688,0.9431857073034342
0.19,0.8669,0.004761320018277315,0.0005602107276416509,0.027200459760969402,5.621485975690877e-15,1.6905010585512484e-14,0.0,0.0037028520711667946,0.6944822961087251,0.9431897540919534
0.2,0.8669,0.0047609104655008325,0.0005603420571042894,0.02720077714852775,2.1341268770183915e-22,1.2705494208814505e-21,8.501350426697953e-22,0.0037027860195588086,0.6944868018873802,0.9431860234209168
0.21,0.8669,0.004761223546432037,0.0005602123107153071,0.02720107134559621,0.0,0.0,8.201955048226593e-17,0.0037027975798188334,0.6944791808404527,0.9431914193046783
0.22,0.8669,0.004761437680384356,0.000559914731168315,0.02719799679191449,0.0,0.0,0.0,0.0037025934585977792,0.6945046942721866,0.9431953313511962
0.23,0.8669,0.004760985210193995,0.0005602569050954553,0.027200797410698124,7.992266122587292e-15,7.40932809310944e-15,0.0,0.0037026470619137253,0.6944850922284012,0.9431942076738884
0.24,0.8669,0.004761117092512589,0.0005601594336940012,0.027201446995561054,0.0,1.6172066269378156e-12,0.0,0.0037027450142157717,0.6944799481829618,0.9431905421542658
0.25,0.8669,0.004762180808150761,0.0005603985717966202,0.027201856329092295,6.118711548583214e-13,5.2609353077468e-13,0.0,0.003703051459324073,0.6944427582007638,0.9432121404635645
0.26,0.8669,0.004761422948795637,0.0005601748453518185,0.027200970165653985,3.0429529154437508e-18,1.6399361860601214e-13,1.0769567718632383e-14,0.0037028061744476364,0.6944754247176042,0.9431956390091931
0.27,0.8669,0.00476141025698066,0.000560119896528105,0.02720090827521245,2.5333438266867726e-18,5.235402278277682e-19,5.574885414550545e-19,0.003702834794540739,0.6944783059962473,0.9431916917813119
0.28,0.8669,0.004761498326031306,0.0005601556397718297,0.02720146506396514,8.578238051754641e-17,2.9103379022165323e-16,1.0019799468726104e-15,0.003702906110541213,0.6944708889145743,0.9431923941822676
0.29,0.8669,0.004761180794543837,0.0005602081294396661,0.027200850076834125,1.9141599990794163e-18,2.389391691788199e-18,7.443773401758861e-24,0.0037027600214015136,0.6944818989121494,0.9431918588509648
weight is ,0.668
0.0,0.93,0.0030119918327082607,0.00022041186692339532,0.023981497541944695,1.7273959168457344e-06,1.1199419793221565e-06,0.0,0.012452234898692864,0.600806310419331,0.9073289149486041
0.01,0.925,0.0030123034281613055,0.0002204028772615519,0.023981496757020597,1.6659360266415083e-06,1.079353130426995e-06,0.0,0.01245273436289196,0.6008031855135506,0.907328944107524
0.02,0.9202,0.003214269697448299,0.00024897294141614613,0.02436781091794797,2.761613120722725e-07,2.997550220717649e-07,2.117582368135751e-22,0.0117751142720881,0.6038203490529086,0.9082137223360234
0.03,0.9157,0.0033716260053716974,0.00027129913908036655,0.024680923495376886,5.1692618663441655e-08,4.0605582688975136e-08,1.7951682933819815e-22,0.011003348708703894,0.6090087167191972,0.909031308912955
0.04,0.9115,0.0035617384573338956,0.00030062599692989037,0.025008822994696665,4.831624451800284e-12,3.111303729355939e-13,2.2925727907520994e-20,0.010299812727165694,0.6128205428264635,0.9096523060848057
0.05,0.9076,0.003746792635263036,0.00032969402481103696,0.02529927931101296,8.409601436937077e-12,4.363887086510217e-12,1.8343823425143065e-13,0.009615479380742364,0.6166784738779157,0.9103602746780003
0.06,0.9041,0.003930379043744104,0.0003603643596677346,0.025565139392967163,1.0436408754563268e-09,0.0,0.0,0.008955843589587783,0.6203984735911904,0.9110668200258119
0.07,0.9008,0.004115662282427077,0.00039282297958715274,0.02580663084850317,2.1358376660443474e-15,1.6373617465616465e-15,7.725901790970713e-16,0.008322718072050293,0.6238955715775839,0.9118213153921113
0.08,0.8978,0.0042983538122644185,0.0004256299287234438,0.026035370833748205,1.6976024055590125e-18,1.0999628685377284e-18,1.2236080904498734e-18,0.007710641246131967,0.6272668182568444,0.912519188276861
0.09,0.8951,0.00448165687847965,0.00046110144738951584,0.026242701740354986,9.037019916533893e-21,1.748797644134648e-19,1.167298635238418e-19,0.007122537741971608,0.6304389759924572,0.9132194613492861
0.1,0.8926,0.004664734685811616,0.0004966830787378646,0.026425903825818064,9.861007043972807e-20,4.894415075682139e-19,7.550006161303392e-16,0.006554735305726397,0.6335226964131078,0.9139058605964011
0.11,0.8903,0.004847393841957991,0.0005324851345469305,0.026601225300835602,2.5924173796053367e-23,1.0989119292284342e-22,1.0989119292284342e-22,0.00600730261926048,0.6364309075666853,0.9145207566685173
0.12,0.8883,0.005030918199750194,0.0005713132271831325,0.026753640959918692,2.9319278086650945e-12,2.393092406683022e-12,8.404948303447515e-16,0.005481781122802842,0.6391490668860621,0.9151761236332018
0.13,0.8866,0.005216401756592151,0.0006117790133582197,0.0268923357000731,1.7222859363828756e-14,1.3250787510401824e-14,1.3230870854000434e-11,0.004977419328879445,0.6416504684381388,0.9158067081435107
0.14,0.8851,0.005402011759127689,0.0006538630627041398,0.027018321212424652,4.961402596758928e-19,0.0,3.1445321613099047e-20,0.004492543792770009,0.6439677103448009,0.9164265607779949
0.15,0.8838,0.005592273139109171,0.0006986069617733321,0.027128839690957477,3.773437398083516e-20,3.012419242349672e-20,5.700111964942768e-22,0.004029614290941617,0.6460118496510031,0.9170369257476185
0.16,0.8827,0.005784613947143859,0.0007447119998834535,0.02722708274541205,1.55428023057279e-17,0.0,1.810865699992646e-12,0.003585922570931686,0.6478536536014234,0.9176160879241971
0.17,0.8824,0.00599383920436015,0.0007744555140273562,0.026998272446091737,7.872218443800989e-16,1.4065700430338303e-15,5.276381389659297e-16,0.0034246254862045212,0.6448072986322194,0.9271807756142043
0.18,0.8824,0.005993254478395661,0.0007748355513536927,0.02699869692873836,0.0,0.0,0.0,0.003424461393847143,0.6448078001003839,0.9271847322677285
0.19,0.8824,0.005993904773290949,0.0007746101439587428,0.02699788498697959,0.0,0.0,0.0,0.0034246646441879543,0.6448054102689855,0.9271834305455191
0.2,0.8824,0.005993942013530036,0.0007745549420179862,0.02699744101430716,5.9299857483525e-13,3.774052007118338e-17,1.9094520322814744e-17,0.0034247398208636106,0.6448092462641503,0.9271790991601373
0.21,0.8824,0.00599336001862155,0.0007745856328059533,0.026999123496446294,0.0,0.0,8.137325566194466e-13,0.0034246584625614806,0.6448093288320768,0.9271718899584428
0.22,0.8824,0.005994909739627614,0.0007749459332305634,0.02699829249531597,1.2863141465143086e-16,1.2167336875298175e-17,8.048581734141441e-17,0.003425362046366895,0.6447783509239247,0.9271778585054987
0.23,0.8824,0.005993783225166409,0.0007746785018750205,0.026997733100467478,6.132393350570308e-19,0.0,0.0,0.0034246347731010465,0.6448073772735253,0.9271837007947477
0.24,0.8824,0.005993960797680464,0.0007751344318248549,0.026998133774688543,3.908779980294278e-20,2.6468799595695127e-21,4.638828875197379e-21,0.003424747273956385,0.6447917775978678,0.9271921331641729
0.25,0.8824,0.005994477055337266,0.0007743209323457894,0.026996950629195177,1.1025864390418664e-14,2.8179942222170146e-15,1.4068280684141288e-16,0.0034244142921695457,0.6448039653780482,0.9272017297366685
0.26,0.8824,0.005993854370153142,0.0007749455468121458,0.026997509605703567,1.144855145734217e-11,1.3246363352934156e-13,6.838103689166073e-13,0.0034247836708193374,0.6448025427778479,0.9271835533941107
0.27,0.8824,0.005993689891196873,0.0007755725895726231,0.026997430262941186,0.0,5.309966396441545e-12,0.0,0.003424969939805689,0.6447943191183472,0.9271842993464346
0.28,0.8824,0.005993581732759781,0.0007745981783483516,0.026997128090240453,0.0,7.027741445721328e-24,0.0,0.003424638706309003,0.6448174909495606,0.927177143100308
0.29,0.8824,0.005994085555670222,0.0007747096443569459,0.026995951566470337,5.266903019912923e-16,2.7799231392265096e-18,0.0,0.0034241905745337393,0.6448092488859307,0.9272124525345077
